"CP0","卸任前夕奥巴马给特朗普写了封“美丽”的信 嘱咐什么？","China Press","http://news.uschinapress.com/2017/0904/1119419.shtml","Washington","2017-09-04 14:41"
"CP1","2017年北京马拉松赛鸣枪开跑 三万参赛选手同场竞技","China Press","http://photo.uschinapress.com/2017/0916/1121019.shtml","Most Read","2017-09-16 23:54 "
"CP2","特朗普或废除奥巴马政策 库克等人急了","China Press","http://news.uschinapress.com/2017/0901/1119317.shtml","Washington","2017-09-01 16:04"
"CP3","芬兰总统翻白眼 特朗普被指缺乏历史常识","China Press","http://news.uschinapress.com/2017/0829/1118877.shtml","Washington","2017-08-29 11:53 "
"CP4","班农OUT！“白宫大脑”出局早有预兆？","China Press","http://news.uschinapress.com/2017/0818/1117649.shtml","Washington","2017-08-18 13:56"
"CP5","特朗普废除DACA并敦促国会立法！奥巴马：梦想生有“美国心”","China Press","http://news.uschinapress.com/2017/0905/1119543.shtml","Washington","2017-09-05 13:03 "
"CP6","特朗普在白宫观赏美国百年一遇的超级日全食","China Press","http://news.uschinapress.com/2017/0821/1117898.shtml","Washington","2017-08-21 15:26 "
"CP7","特朗普凤凰城集会演说 支持者高呼CNN太逊了","China Press","http://news.uschinapress.com/2017/0823/1118129.shtml","Washington","2017-08-23 11:13 "
"CP8","惊呆！美国政客IQ大曝光 第一竟然是他！","China Press","http://news.uschinapress.com/2017/0827/1118569.shtml","Washington","2017-08-27 14:24"
"CP9","大西洋7年来首现三个飓风 多州进入紧急状态撤离民众","China Press","http://news.uschinapress.com/2017/0907/1119849.shtml","Washington","2017-09-07 16:01"
"CP10","花上70万美金 你也可以住进白雪公主的童话屋","China Press","http://photo.uschinapress.com/2017/0917/1121037.shtml","Most Read","2017-09-17 11:08 "
"CP11","向特朗普挑战！加州将成为全美首个无证移民庇护州","China Press","http://news.uschinapress.com/2017/0917/1121063.shtml","Most Read","2017-09-17 12:27"
"CP12","已出关118万台！郑州为何能造出全球一半的iPhone","China Press","http://news.uschinapress.com/2017/0917/1121041.shtml","Most Read","2017-09-17 11:25"
"CP13","精简研发业务 中国仍是跨国药企的重要市场","China Press","http://news.uschinapress.com/2017/0916/1121017.shtml","Most Read","2017-09-16 23:13"
"CP14","逼死处女座搞死强迫症！iPhone X看女神电影画面是这样子的……","China Press","http://news.uschinapress.com/2017/0917/1121051.shtml","Most Read","2017-09-17 12:07"
"CP15","扎克伯格交出了特朗普通俄的证据","China Press","http://news.uschinapress.com/2017/0917/1121044.shtml","Most Read","2017-09-17 11:34"
"CP16","联合国安理会严厉谴责朝鲜再次试射导弹","China Press","http://news.uschinapress.com/2017/0916/1121010.shtml","Most Read","2017-09-16 16:07"
"CP17","中国6名军委委员职务变动 5大军种主官亮相方式特别","China Press","http://news.uschinapress.com/2017/0916/1121016.shtml","Most Read","2017-09-16 22:21"
"CP18","美国将不退出《巴黎协定》：会重审条款","China Press","http://news.uschinapress.com/2017/0916/1121013.shtml","Most Read","2017-09-16 16:12"
